<?xml version="1.0" encoding="ISO-8859-1" ?>

<!DOCTYPE struts-config PUBLIC
          "-//Apache Software Foundation//DTD Struts Configuration 1.0//EN"
          "http://jakarta.apache.org/struts/dtds/struts-config_1_0.dtd">

<struts-config>

    <form-beans>

        <form-bean name="logonForm" type="jvapp.LogonForm"/>
        <form-bean name="registerForm" type="jvapp.RegisterForm"/>
        <form-bean name="catalogForm" type="jvapp.CatalogForm"/>
        <form-bean name="catalogsForm" type="jvapp.CatalogsForm"/>
        <form-bean name="catalogItemForm" type="jvapp.CatalogItemForm"/>
        <form-bean name="cartForm" type="jvapp.CartForm"/>
        <form-bean name="cartUpdateForm" type="jvapp.CartUpdateForm"/>

    </form-beans>

    <global-forwards>
        <forward name="welcome" path="/Welcome.do"/>
        <forward name="logon" path="/Logon.do"/>
        <forward name="logoff" path="/Logoff.do"/>
        <forward name="register" path="/Register.do"/>
    </global-forwards>

    <action-mappings>

        <action 
            path="/Welcome"
            type="org.apache.struts.actions.ForwardAction"
            parameter="/pages/Welcome.jsp"/>

        <action 
            path="/Home"
            type="org.apache.struts.actions.ForwardAction"
            parameter="/pages/Welcome.jsp"/>

        <action 
            path="/Logon"
            type="org.apache.struts.actions.ForwardAction"
            parameter="/pages/Logon.jsp"/>

        <action 
            path="/LogonSubmit"
            type="jvapp.LogonAction"
            name="logonForm"    
            scope="request"
            validate="true"
            input="/pages/Logon.jsp">
            <forward name="success" path="/Catalogs.do"/>
        </action>

        <action 
            path="/Logoff" type="jvapp.LogoffAction">
            <forward name="success" path="/Home.do"/>
        </action>

        <action 
            path="/Register"
            type="org.apache.struts.actions.ForwardAction"
            parameter="/pages/Register.jsp">
        </action>

        <action 
            path="/Catalogs"
            type="jvapp.CatalogsAction"
            name="catalogsForm"    
            scope="request"
            validate="true">
            <forward name="success" path="/pages/Catalogs.jsp"/>
            <forward name="failure" path="/pages/Error.jsp"/>
        </action>

        <action 
            path="/SelectCatalog"
            type="jvapp.CatalogAction"
            name="catalogForm"    
            scope="request"
            validate="true"
            input="/pages/Catalogs.jsp">
            <forward name="success" path="/pages/CatalogItems.jsp"/>
            <forward name="failure" path="/pages/Error.jsp"/>
        </action>

        <action 
            path="/CatalogItemsAdd"
            type="jvapp.CatalogItemAction"
            name="catalogItemForm"    
            scope="request"
            validate="true"
            input="/pages/CatalogItems.jsp">
            <forward name="success" path="/Catalogs.do"/>
            <forward name="failure" path="/pages/Error.jsp"/>
        </action>

        <action 
            path="/Cart"
            type="jvapp.CartAction"
            name="cartForm"    
            scope="request"
            validate="false">
            <forward name="success" path="/pages/Cart.jsp"/>
            <forward name="update" path="/CartUpdate.do"/>
            <forward name="failure" path="/pages/Error.jsp"/>
        </action>

        <action 
            path="/ViewCheckout"
            type="jvapp.CartAction"
            name="cartForm"    
            scope="request"
            validate="true">
            <forward name="success" path="/pages/Checkout.jsp"/>
            <forward name="update" path="/CartUpdate.do"/>
            <forward name="failure" path="/pages/Error.jsp"/>
        </action>

        <action 
            path="/SaveRegister"
            type="jvapp.RegisterAction"
            name="registerForm"    
            scope="request"
            validate="true"
            input="/pages/Register.jsp">
            <forward name="success" path="/pages/Logon.jsp"/>
        </action>

        <action 
            path="/CartUpdate"
            type="jvapp.CartUpdateAction"
            name="cartUpdateForm"    
            scope="request"
            validate="true">
            <forward name="success" path="/pages/CartUpdate.jsp"/>
            <forward name="failure" path="/pages/Error.jsp"/>
        </action>

    </action-mappings>

</struts-config>
