<?xml version="1.0" encoding="ISO-8859-1"?>

<!DOCTYPE web-app
    PUBLIC "-//Sun Microsystems, Inc.//DTD Web Application 2.3//EN"
    "http://java.sun.com/dtd/web-app_2_3.dtd">
<!--
Automatically created by Tomcat JspC.
-->
<web-app>


    <servlet>
        <servlet-name>org.apache.jsp.index_jsp</servlet-name>
        <servlet-class>org.apache.jsp.index_jsp</servlet-class>
    </servlet>

    <servlet>
        <servlet-name>org.apache.jsp.pages.Welcome_jsp</servlet-name>
        <servlet-class>org.apache.jsp.pages.Welcome_jsp</servlet-class>
    </servlet>

    <servlet>
        <servlet-name>org.apache.jsp.pages.Logon_jsp</servlet-name>
        <servlet-class>org.apache.jsp.pages.Logon_jsp</servlet-class>
    </servlet>

    <servlet>
        <servlet-name>org.apache.jsp.pages.Parameters_jsp</servlet-name>
        <servlet-class>org.apache.jsp.pages.Parameters_jsp</servlet-class>
    </servlet>

    <servlet>
        <servlet-name>org.apache.jsp.pages.ViewCatalogs_jsp</servlet-name>
        <servlet-class>org.apache.jsp.pages.ViewCatalogs_jsp</servlet-class>
    </servlet>

    <servlet>
        <servlet-name>org.apache.jsp.pages.Catalogs_jsp</servlet-name>
        <servlet-class>org.apache.jsp.pages.Catalogs_jsp</servlet-class>
    </servlet>

    <servlet>
        <servlet-name>org.apache.jsp.pages.ViewCart_jsp</servlet-name>
        <servlet-class>org.apache.jsp.pages.ViewCart_jsp</servlet-class>
    </servlet>

    <servlet>
        <servlet-name>org.apache.jsp.pages.CartUpdate_jsp</servlet-name>
        <servlet-class>org.apache.jsp.pages.CartUpdate_jsp</servlet-class>
    </servlet>

    <servlet>
        <servlet-name>org.apache.jsp.pages.Cart_jsp</servlet-name>
        <servlet-class>org.apache.jsp.pages.Cart_jsp</servlet-class>
    </servlet>

    <servlet>
        <servlet-name>org.apache.jsp.pages.Error_jsp</servlet-name>
        <servlet-class>org.apache.jsp.pages.Error_jsp</servlet-class>
    </servlet>

    <servlet>
        <servlet-name>org.apache.jsp.pages.ViewHome_jsp</servlet-name>
        <servlet-class>org.apache.jsp.pages.ViewHome_jsp</servlet-class>
    </servlet>

    <servlet>
        <servlet-name>org.apache.jsp.pages.ViewLogout_jsp</servlet-name>
        <servlet-class>org.apache.jsp.pages.ViewLogout_jsp</servlet-class>
    </servlet>

    <servlet>
        <servlet-name>org.apache.jsp.pages.ViewCheckout_jsp</servlet-name>
        <servlet-class>org.apache.jsp.pages.ViewCheckout_jsp</servlet-class>
    </servlet>

    <servlet>
        <servlet-name>org.apache.jsp.pages.Checkout_jsp</servlet-name>
        <servlet-class>org.apache.jsp.pages.Checkout_jsp</servlet-class>
    </servlet>

    <servlet>
        <servlet-name>org.apache.jsp.pages.Register_jsp</servlet-name>
        <servlet-class>org.apache.jsp.pages.Register_jsp</servlet-class>
    </servlet>

    <servlet>
        <servlet-name>org.apache.jsp.pages.CatalogItems_jsp</servlet-name>
        <servlet-class>org.apache.jsp.pages.CatalogItems_jsp</servlet-class>
    </servlet>

    <servlet>
        <servlet-name>org.apache.jsp.pages.Fatal_jsp</servlet-name>
        <servlet-class>org.apache.jsp.pages.Fatal_jsp</servlet-class>
    </servlet>

    <servlet-mapping>
        <servlet-name>org.apache.jsp.index_jsp</servlet-name>
        <url-pattern>/index.jsp</url-pattern>
    </servlet-mapping>

    <servlet-mapping>
        <servlet-name>org.apache.jsp.pages.Welcome_jsp</servlet-name>
        <url-pattern>/pages/Welcome.jsp</url-pattern>
    </servlet-mapping>

    <servlet-mapping>
        <servlet-name>org.apache.jsp.pages.Logon_jsp</servlet-name>
        <url-pattern>/pages/Logon.jsp</url-pattern>
    </servlet-mapping>

    <servlet-mapping>
        <servlet-name>org.apache.jsp.pages.Parameters_jsp</servlet-name>
        <url-pattern>/pages/Parameters.jsp</url-pattern>
    </servlet-mapping>

    <servlet-mapping>
        <servlet-name>org.apache.jsp.pages.ViewCatalogs_jsp</servlet-name>
        <url-pattern>/pages/ViewCatalogs.jsp</url-pattern>
    </servlet-mapping>

    <servlet-mapping>
        <servlet-name>org.apache.jsp.pages.Catalogs_jsp</servlet-name>
        <url-pattern>/pages/Catalogs.jsp</url-pattern>
    </servlet-mapping>

    <servlet-mapping>
        <servlet-name>org.apache.jsp.pages.ViewCart_jsp</servlet-name>
        <url-pattern>/pages/ViewCart.jsp</url-pattern>
    </servlet-mapping>

    <servlet-mapping>
        <servlet-name>org.apache.jsp.pages.CartUpdate_jsp</servlet-name>
        <url-pattern>/pages/CartUpdate.jsp</url-pattern>
    </servlet-mapping>

    <servlet-mapping>
        <servlet-name>org.apache.jsp.pages.Cart_jsp</servlet-name>
        <url-pattern>/pages/Cart.jsp</url-pattern>
    </servlet-mapping>

    <servlet-mapping>
        <servlet-name>org.apache.jsp.pages.Error_jsp</servlet-name>
        <url-pattern>/pages/Error.jsp</url-pattern>
    </servlet-mapping>

    <servlet-mapping>
        <servlet-name>org.apache.jsp.pages.ViewHome_jsp</servlet-name>
        <url-pattern>/pages/ViewHome.jsp</url-pattern>
    </servlet-mapping>

    <servlet-mapping>
        <servlet-name>org.apache.jsp.pages.ViewLogout_jsp</servlet-name>
        <url-pattern>/pages/ViewLogout.jsp</url-pattern>
    </servlet-mapping>

    <servlet-mapping>
        <servlet-name>org.apache.jsp.pages.ViewCheckout_jsp</servlet-name>
        <url-pattern>/pages/ViewCheckout.jsp</url-pattern>
    </servlet-mapping>

    <servlet-mapping>
        <servlet-name>org.apache.jsp.pages.Checkout_jsp</servlet-name>
        <url-pattern>/pages/Checkout.jsp</url-pattern>
    </servlet-mapping>

    <servlet-mapping>
        <servlet-name>org.apache.jsp.pages.Register_jsp</servlet-name>
        <url-pattern>/pages/Register.jsp</url-pattern>
    </servlet-mapping>

    <servlet-mapping>
        <servlet-name>org.apache.jsp.pages.CatalogItems_jsp</servlet-name>
        <url-pattern>/pages/CatalogItems.jsp</url-pattern>
    </servlet-mapping>

    <servlet-mapping>
        <servlet-name>org.apache.jsp.pages.Fatal_jsp</servlet-name>
        <url-pattern>/pages/Fatal.jsp</url-pattern>
    </servlet-mapping>

</web-app>

