
	<property name="j2ee.home" value="/opt/SUNWappserver"/>
	<property name="j2ee.server.name" value="localhost"/>
	<property name="j2ee.server.username" value="admin"/>
	<property name="j2ee.server.password" value="yetiyeti"/>
	<property name="j2ee.adminserver.port" value="4848"/>
	<property name="appserver.instance" value="server"/>

	<target name="tools">
		<condition property="j2ee-script-suffix" value=".bat">
			<os family="windows"/>
		</condition>
		<condition property="j2ee-script-suffix" value="">
			<not>
				<os family="windows"/>
			</not>
		</condition>
		<condition property="path.separator" value=";">
			<os family="windows"/>
		</condition>
		<condition property="path.separator" value=":">
			<not>
				<os family="windows"/>
			</not>
		</condition>
		<property name="wscompile" 
				value="${j2ee.home}/bin/wscompile${j2ee-script-suffix}"/>
		<property name="asadmin" 
				value="${j2ee.home}/bin/asadmin${j2ee-script-suffix}"/>
	</target>

	<path id="j2ee.classpath">
		<pathelement location="${j2ee.home}/lib/j2ee.jar"/>
		<pathelement location="${j2ee.home}/lib/jhall.jar"/>
		<pathelement location="${j2ee.home}/bin"/>
	</path>

  <target name="keygen_common" depends="tools">
    <echo message="Generating key for user ${app.user} in server."/>
    <exec executable="${asadmin}">
        <arg line=" create-file-user"/>
        <arg line=" --user ${j2ee.server.username}" />
        <arg line=" --password ${j2ee.server.password}" />
        <arg line=" --host ${j2ee.server.name}" />
        <arg line=" --port ${j2ee.adminserver.port}" />
        <arg line=" --groups ${app.groups}"/>
        <arg line=" --userpassword=${app.userpassword}"/>
        <arg line=" ${app.user}"/>
   </exec>
  </target>

  <target name="keydel_common" depends="tools">
    <echo message="Deleting key for user ${app.user} in server."/>
    <exec executable="${asadmin}">
        <arg line=" delete-file-user"/>
        <arg line=" --user ${j2ee.server.username}" />
        <arg line=" --password ${j2ee.server.password}" />
        <arg line=" --host ${j2ee.server.name}" />
        <arg line=" --port ${j2ee.adminserver.port}" />
        <arg line=" ${app.user}"/>
   </exec>
  </target>

 <target name="create-jdbc-connection-poolpb" depends="tools">
    <exec executable="${asadmin}">
        <arg line=" create-jdbc-connection-pool"/>
        <arg line=" --user ${j2ee.server.username}" />
        <arg line=" --password ${j2ee.server.password}" />
        <arg line=" --host ${j2ee.server.name}" />
        <arg line=" --port ${j2ee.adminserver.port}" />
        <arg line=" --datasourceclassname ${ds.class}" />
        <arg line=" --restype javax.sql.XADataSource " />
        <arg line=" --property user=${db.user}:password=${db.password}:databaseName=${db.url}" />
        <arg line=" ${pool.name} " />
    </exec> 
 </target>
 
  <target name="create-jdbc-resource"  depends="tools">
     <exec executable="${asadmin}">
        <arg line="create-jdbc-resource"/>
        <arg line=" --user ${j2ee.server.username}" />
        <arg line=" --password ${j2ee.server.password}" />
        <arg line=" --host ${j2ee.server.name}" />
        <arg line=" --port ${j2ee.adminserver.port}" />
        <arg line=" --connectionpoolid ${pool.name}" />
        <arg line=" --enabled=true" />
        <arg line=" ${jdbc.resource.name}" />
    </exec>     
  </target>

  <target name="create-persistence-resource" depends="tools">
     <exec executable="${asadmin}">
        <arg line="create-persistence-resource"/>
        <arg line=" --user ${j2ee.server.username}" />
        <arg line=" --password ${j2ee.server.password}" />
        <arg line=" --host ${j2ee.server.name}" />
        <arg line=" --port ${j2ee.adminserver.port}" />
        <arg line=" --factoryclass com.sun.jdo.spi.persistence.support.sqlstore.impl.PersistenceManagerFactoryImpl" />
        <arg line=" --jdbcjndiname ${jdbc.resource.name}" />
        <arg line=" ${pm.resource.name}" />
    </exec>
 </target>

  <target name="create-jms-resource"  depends="tools">
     <exec executable="${asadmin}">
        <arg line="create-jms-resource"/>
        <arg line=" --user ${j2ee.server.username}" />
        <arg line=" --password ${j2ee.server.password}" />
        <arg line=" --host ${j2ee.server.name}" />
        <arg line=" --port ${j2ee.adminserver.port}" />
        <arg line=" --restype ${jms.restype}" />
        <arg line=" --enabled=true" />
        <arg line=" --property ${jms.resource.property}" />
        <arg line=" ${jms.resource.name}" />
    </exec>
  </target>

  <target name="create-jms-connection"  depends="tools">
     <exec executable="${asadmin}">
        <arg line="create-jms-resource"/>
        <arg line=" --user ${j2ee.server.username}" />
        <arg line=" --password ${j2ee.server.password}" />
        <arg line=" --host ${j2ee.server.name}" />
        <arg line=" --port ${j2ee.adminserver.port}" />
        <arg line=" --restype ${jms.restype}" />
        <arg line=" --enabled=true" />
        <arg line=" ${jms.resource.name}" />
    </exec>
  </target>

  <target name="create-javamail-resource"  depends="tools">
     <exec executable="${asadmin}">
        <arg line="create-javamail-resource"/>
        <arg line=" --user ${j2ee.server.username}" />
        <arg line=" --password ${j2ee.server.password}" />
        <arg line=" --host ${j2ee.server.name}" />
        <arg line=" --port ${j2ee.adminserver.port}" />
        <arg line=" --mailhost ${mail.host}" />
        <arg line=" --mailuser ${mail.username}" />
        <arg line=" --fromaddress ${mail.fromaddress}" />
        <arg line=" ${javamail.resource.name}" />
    </exec>
  </target>

  <target name="delete-javamail-resource"  depends="tools">
     <exec executable="${asadmin}">
        <arg line="delete-javamail-resource"/>
        <arg line=" --user ${j2ee.server.username}" />
        <arg line=" --password ${j2ee.server.password}" />
        <arg line=" --host ${j2ee.server.name}" />
        <arg line=" --port ${j2ee.adminserver.port}" />
        <arg line=" ${javamail.resource.name}" />
    </exec>
  </target>

  <target name="listJmsDestinations">
     <exec executable="${asadmin}">
        <arg line="-listJmsDestination "/>
        <arg line=" --user ${j2ee.server.username}" />
        <arg line=" --password ${j2ee.server.password}" />
        <arg line=" --host ${j2ee.server.name}" />
        <arg line=" --port ${j2ee.adminserver.port}" />
    </exec>
  </target>

  <target name="delete-persistence-resource">
     <exec executable="${asadmin}">
        <arg line="delete-persistence-resource"/>
        <arg line=" --user ${j2ee.server.username}" />
        <arg line=" --password ${j2ee.server.password}" />
        <arg line=" --host ${j2ee.server.name}" />
        <arg line=" --port ${j2ee.adminserver.port}" />
       <arg line=" ${pm.resource.name}" />
    </exec>
  </target>

  <target name="delete-jdbc-resource">
     <exec executable="${asadmin}">
        <arg line="delete-jdbc-resource"/>
        <arg line=" --user ${j2ee.server.username}" />
        <arg line=" --password ${j2ee.server.password}" />
        <arg line=" --host ${j2ee.server.name}" />
        <arg line=" --port ${j2ee.adminserver.port}" />
        <arg line="${jdbc.resource.name}" />
    </exec>
  </target>

  <target name="delete-jdbc-connection-pool">
     <exec executable="${asadmin}">
        <arg line="delete-jdbc-connection-pool"/>
        <arg line=" --user ${j2ee.server.username}" />
        <arg line=" --password ${j2ee.server.password}" />
        <arg line=" --host ${j2ee.server.name}" />
        <arg line=" --port ${j2ee.adminserver.port}" />
        <arg line="${jdbc.pool.name}" />
    </exec>
  </target>

  <target name="delete-jms-resource">
     <exec executable="${asadmin}">
        <arg line="delete-jms-resource"/>
        <arg line=" --user ${j2ee.server.username}" />
        <arg line=" --password ${j2ee.server.password}" />
        <arg line=" --host ${j2ee.server.name}" />
        <arg line=" --port ${j2ee.adminserver.port}" />
        <arg line=" ${jms.resource.name}" />
    </exec>
  </target>

  <target name="reconfig" depends="tools">
     <echo message="Reconfiguring server ${appserver.instance}"/>
     <exec executable="${asadmin}">
        <arg line=" reconfig"/>
        <arg line=" --user ${j2ee.server.username}" />
        <arg line=" --password ${j2ee.server.password}" />
        <arg line=" --host ${j2ee.server.name}" />
        <arg line=" --port ${j2ee.adminserver.port}" />
        <arg line=" server"/>
    </exec>      
  </target>
  
  <target name="undeploy" depends="tools">
    <echo message="Undeploying ${app.name}." />
    <exec executable="${asadmin}">
        <arg line="undeploy"/>
        <arg line=" --user ${j2ee.server.username}" />
        <arg line=" --password ${j2ee.server.password}" />
        <arg line=" ${app.name} " />
    </exec> 
  </target>

  <target name="deploy" depends="tools">
    <fail unless="app.module" message="application.module must be set before invoking this target. Otherwise there is no application to deploy."/>
    <fail unless="app.name" message="application.module must be set before invoking this target. Otherwise there is no application to deploy."/>
    <exec executable="${asadmin}">
        <arg line=" deploy "/>
        <arg line=" --user ${j2ee.server.username}" />
        <arg line=" --password ${j2ee.server.password}" />
        <arg line=" --host ${j2ee.server.name}" />
        <arg line=" --port ${j2ee.adminserver.port}" />
        <arg line=" --force=true "/>
        <arg line=" --precompilejsp=true "/>
        <arg line=" --contextroot ${app.contextroot}"/>
        <arg line=" --upload=true "/>
        <arg line=" --terse=false "/>
        <arg line=" --echo=true "/>
        <arg line=" --name ${app.name}"/>
        <arg line=" --dbvendorname pointbase"/>
        <arg line="${app.module}" />
    </exec>
  </target>

