<?xml version="1.0" encoding="UTF-8"?>
<!DOCTYPE sun-web-app PUBLIC "-//Sun Microsystems, Inc.//DTD Application Server 8.0 Servlet 2.4//EN" "http://www.sun.com/software/appserver/dtds/sun-web-app_2_4-0.dtd">

<sun-web-app>
	<context-root>/c2struts</context-root>

	<ejb-ref>
		<ejb-ref-name>ejb/TheConverter</ejb-ref-name>
		<jndi-name>ConverterBean</jndi-name>
	</ejb-ref>

	<ejb-ref>
		<ejb-ref-name>ejb/SimpleAbcd</ejb-ref-name>
		<jndi-name>ejb/AbcdBean</jndi-name>
	</ejb-ref>

<!-- no longer used

	<resource-ref>
		<res-ref-name>jdbc/DBServletDB</res-ref-name>
		<jndi-name>jdbc/dbservlet</jndi-name>
	</resource-ref>
-->

</sun-web-app>

