<?xml version="1.0" encoding="UTF-8"?>
<!DOCTYPE sun-ejb-jar PUBLIC "-//Sun Microsystems, Inc.//DTD Application Server 8.0 EJB 2.1//EN" "http://www.sun.com/software/appserver/dtds/sun-ejb-jar_2_1-0.dtd">

<sun-ejb-jar>
	<enterprise-beans>
		<name>AbcdJAR</name>
		<ejb>
			<ejb-name>AbcdBean</ejb-name>
			<jndi-name>ejb/AbcdBean</jndi-name>
			<resource-ref>
				<res-ref-name>jdbc/DBServletDB</res-ref-name>
				<jndi-name>jdbc/dbservlet</jndi-name>
			</resource-ref>
		</ejb>
	</enterprise-beans>
</sun-ejb-jar>

