<?xml version="1.0" encoding="UTF-8"?>
<ejb-jar xmlns="http://java.sun.com/xml/ns/j2ee" version="2.1" xmlns:xsi="http://www.w3.org/2001/XMLSchema-instance" xsi:schemaLocation="http://java.sun.com/xml/ns/j2ee http://java.sun.com/xml/ns/j2ee/ejb-jar_2_1.xsd">
<display-name>ConverterJAR</display-name>
<enterprise-beans>
<session>
<ejb-name>ConverterBean</ejb-name>
<home>jvejb1.ConverterHome</home>
<remote>jvejb1.Converter</remote>
<ejb-class>jvejb1.ConverterBean</ejb-class>
<session-type>Stateless</session-type>
<transaction-type>Bean</transaction-type>
<security-identity>
<use-caller-identity/>
</security-identity>
</session>
</enterprise-beans>
</ejb-jar>
